build,runs,win_rate,wilson_low,wilson_high,mean_upgrades,mean_essential_spending
reinforced/heavy/control/cadence,256,0.9765625,0.9498183470640867,0.9892152795761434,6.79296875,210.5282563144772
reinforced/heavy/control/precision,256,0.9765625,0.9498183470640867,0.9892152795761434,6.82421875,208.82051084022524
reinforced/mixed/control/cadence,256,0.9765625,0.9498183470640867,0.9892152795761434,6.78125,212.4037061033803
reinforced/mixed/control/precision,256,0.9765625,0.9498183470640867,0.9892152795761434,6.83203125,209.60021643803012
reinforced/torpedo/control/precision,256,0.97265625,0.9446436163987567,0.9866930133017994,6.64453125,224.67875866287395
reinforced/heavy/protection/cadence,256,0.94921875,0.915068172873268,0.9700864751892441,6.6953125,211.3815984782144
reinforced/heavy/protection/precision,256,0.94921875,0.915068172873268,0.9700864751892441,6.734375,209.71637402017382
reinforced/mixed/protection/cadence,256,0.94921875,0.915068172873268,0.9700864751892441,6.71484375,213.69453609887952
reinforced/mixed/protection/precision,256,0.94921875,0.915068172873268,0.9700864751892441,6.73828125,210.85711361851892
flexible/torpedo/control/precision,256,0.92578125,0.886998391306731,0.9519742751177369,6.75390625,211.60567291715367
reinforced/torpedo/protection/precision,256,0.92578125,0.886998391306731,0.9519742751177369,6.54296875,225.84342597573487
flexible/air_hybrid/control/cadence,256,0.921875,0.8824159132472333,0.9488597562375605,6.78125,207.50992499161114
flexible/mixed/protection/cadence,256,0.91796875,0.8778558535002986,0.9457228190448214,6.75390625,199.97386989678796
flexible/mixed/protection/precision,256,0.91796875,0.8778558535002986,0.9457228190448214,6.828125,197.7417649773666
flexible/air_hybrid/control/precision,256,0.91796875,0.8778558535002986,0.9457228190448214,6.81640625,204.92811843945853
reinforced/mixed/economy/cadence,256,0.91796875,0.8778558535002986,0.9457228190448214,6.671875,211.4294681381261
reinforced/mixed/economy/precision,256,0.91796875,0.8778558535002986,0.9457228190448214,6.72265625,209.10689559697428
flexible/air_hybrid/protection/precision,256,0.9140625,0.8733168298757226,0.9425648457297233,6.72265625,208.32193396049882
flexible/air_hybrid/protection/cadence,256,0.91015625,0.8687976076657988,0.939387070999973,6.68359375,211.70843152581367
flexible/heavy/protection/precision,256,0.90625,0.8642970784410525,0.9361906032850452,6.82421875,198.3066997276844
fast/torpedo/protection/cadence,256,0.90625,0.8642970784410525,0.9361906032850452,6.546875,215.6382431909499
fast/torpedo/protection/precision,256,0.90625,0.8642970784410525,0.9361906032850452,6.609375,212.05553696541426
fast/torpedo/control/precision,256,0.90625,0.8642970784410525,0.9361906032850452,6.71875,209.82128894455096
reinforced/heavy/economy/precision,256,0.90625,0.8642970784410525,0.9361906032850452,6.6953125,208.1210427760901
flexible/mixed/control/precision,256,0.90234375,0.8598142426223699,0.932976442164054,6.9609375,197.42245892947503
fast/torpedo/control/cadence,256,0.90234375,0.8598142426223699,0.932976442164054,6.6640625,212.53876427007265
fast/air_hybrid/control/precision,256,0.90234375,0.8598142426223699,0.932976442164054,6.82421875,200.18856698183572
flexible/heavy/control/precision,256,0.8984375,0.855348195037774,0.9297454928089758,6.953125,197.70867487487666
flexible/mixed/control/cadence,256,0.8984375,0.855348195037774,0.9297454928089758,6.90625,199.075430209323
reinforced/heavy/economy/cadence,256,0.8984375,0.855348195037774,0.9297454928089758,6.671875,209.48435738289365
flexible/heavy/protection/cadence,256,0.89453125,0.8508981128612216,0.9264985780458541,6.765625,199.34916879034256
flexible/heavy/control/cadence,256,0.89453125,0.8508981128612216,0.9264985780458541,6.9140625,199.28761540880282
fast/air_hybrid/protection/precision,256,0.890625,0.8464632454696143,0.9232364484977874,6.68359375,202.91960426499952
fast/air_hybrid/control/cadence,256,0.890625,0.8464632454696143,0.9232364484977874,6.78125,202.51940107874793
flexible/torpedo/protection/precision,256,0.88671875,0.8420429058573817,0.9199597911703461,6.6484375,214.04012399705542
fast/mixed/protection/precision,256,0.88671875,0.8420429058573817,0.9199597911703461,6.85546875,193.99890045838328
fast/air_hybrid/protection/cadence,256,0.88671875,0.8420429058573817,0.9199597911703461,6.63671875,204.900117703198
fast/mixed/protection/cadence,256,0.87109375,0.8244949303034488,0.906719778965583,6.76953125,194.5963123906078
fast/mixed/control/cadence,256,0.87109375,0.8244949303034488,0.906719778965583,6.8828125,192.91257015072748
flexible/air_hybrid/economy/precision,256,0.86328125,0.8157938532773119,0.9000268621123717,6.59375,210.6299070839056
endurance/mixed/protection/cadence,256,0.859375,0.8114600115031926,0.896663706946817,6.609375,191.07268988510566
endurance/mixed/protection/precision,256,0.859375,0.8114600115031926,0.896663706946817,6.6640625,188.76000136299308
fast/mixed/control/precision,256,0.85546875,0.8071367963503525,0.8932899251599832,6.921875,190.93407351210433
flexible/air_hybrid/economy/cadence,256,0.8515625,0.8028238602392018,0.8899058643314598,6.53515625,212.23742472982985
fast/heavy/protection/cadence,256,0.8515625,0.8028238602392018,0.8899058643314598,6.765625,193.78143086252595
endurance/air_hybrid/protection/precision,256,0.8515625,0.8028238602392018,0.8899058643314598,6.46875,195.62392885100226
endurance/air_hybrid/control/precision,256,0.8515625,0.8028238602392018,0.8899058643314598,6.62890625,193.2292713610385
aviation/air_hybrid/protection/precision,256,0.8515625,0.8028238602392018,0.8899058643314598,6.4453125,207.1537440356684
aviation/air_hybrid/protection/cadence,256,0.84765625,0.7985208776369221,0.8865118499940654,6.40234375,210.02050701152572
aviation/air_hybrid/control/cadence,256,0.84765625,0.7985208776369221,0.8865118499940654,6.58203125,209.6042947778604
aviation/air_hybrid/control/precision,256,0.84765625,0.7985208776369221,0.8865118499940654,6.61328125,205.70800578646728
flexible/torpedo/control/cadence,256,0.84375,0.7942275431635906,0.8831081875277229,6.71484375,215.0606945870214
fast/heavy/protection/precision,256,0.83984375,0.7899435699040459,0.8796951638475937,6.8125,192.95201666154856
endurance/mixed/control/cadence,256,0.83984375,0.7899435699040459,0.8796951638475937,6.73828125,187.99289439115196
endurance/mixed/control/precision,256,0.83984375,0.7899435699040459,0.8796951638475937,6.7890625,185.93209256726612
endurance/air_hybrid/control/cadence,256,0.83984375,0.7899435699040459,0.8796951638475937,6.5703125,194.85963739253964
reinforced/torpedo/control/cadence,256,0.8359375,0.7856686878987823,0.8762730489131833,6.58984375,227.26263895130725
endurance/air_hybrid/protection/cadence,256,0.83203125,0.7814026427911687,0.8728420970811228,6.390625,197.54630996117223
fast/air_hybrid/economy/precision,256,0.828125,0.7771451946116188,0.8694025483209986,6.6015625,205.21339579211676
aviation/mixed/protection/cadence,256,0.828125,0.7771451946116188,0.8694025483209986,6.5,199.56935124389884
fast/air_hybrid/economy/cadence,256,0.82421875,0.7728961166821191,0.8659546293108245,6.55078125,207.41012782651572
endurance/heavy/protection/precision,256,0.82421875,0.7728961166821191,0.8659546293108245,6.66015625,182.1510340697556
aviation/mixed/protection/precision,256,0.8203125,0.7686551946268473,0.8624985544264222,6.5390625,196.81045231846403
fast/heavy/control/cadence,256,0.8046875,0.7517691603098198,0.8485966009847536,6.87890625,192.47106446835753
endurance/heavy/control/precision,256,0.80078125,0.7475661742791557,0.8451025900757436,6.7734375,179.45525195401686
aviation/mixed/control/cadence,256,0.80078125,0.7475661742791557,0.8451025900757436,6.62109375,198.1634224814301
aviation/mixed/control/precision,256,0.80078125,0.7475661742791557,0.8451025900757436,6.7109375,197.12486402961872
fast/heavy/control/precision,256,0.796875,0.7433702713938375,0.8416014960213878,6.89453125,190.96793674243642
endurance/heavy/control/cadence,256,0.79296875,0.739181302386907,0.8380934680886444,6.7265625,180.1436687958106
reinforced/explosive/control/precision,256,0.7890625,0.7349991250131765,0.8345786485227008,6.72265625,214.1197715848643
aviation/heavy/protection/cadence,256,0.78125,0.7266546087275632,0.827529170928966,6.5078125,195.0367402108996
aviation/heavy/protection/precision,256,0.77734375,0.7224920167029331,0.8239947660139223,6.5390625,193.48201064233163
endurance/air_hybrid/economy/precision,256,0.7734375,0.7183357093790331,0.8204540763981482,6.3515625,197.691873474827
endurance/air_hybrid/economy/cadence,256,0.76953125,0.7141855737618362,0.816907215075671,6.2890625,199.4601524688535
endurance/heavy/protection/cadence,256,0.7578125,0.7017711387942602,0.806230659224225,6.578125,183.05703232221728
aviation/air_hybrid/economy/cadence,256,0.75390625,0.6976446537147682,0.8026601473640429,6.27734375,211.21737651113568
aviation/air_hybrid/economy/precision,256,0.75390625,0.6976446537147682,0.8026601473640429,6.3203125,208.43365532856745
reinforced/torpedo/economy/precision,256,0.74609375,0.6894086206103858,0.7955021865890772,6.51171875,223.16716071966343
aviation/heavy/control/cadence,256,0.7421875,0.6852989013222897,0.7919149089374995,6.640625,192.26807399599048
aviation/heavy/control/precision,256,0.734375,0.6770956545136657,0.7847241618667753,6.6875,191.770589153577
fast/torpedo/economy/cadence,256,0.703125,0.6444881547852961,0.7557556860777528,6.47265625,207.09166765598815
reinforced/torpedo/protection/cadence,256,0.6953125,0.6363851497434322,0.7484646972402688,6.51953125,229.8183865046352
fast/torpedo/economy/precision,256,0.69140625,0.6323406743588921,0.7448121756851348,6.55078125,205.31375778766767
flexible/torpedo/protection/cadence,256,0.6875,0.6283008182604637,0.7411550348438891,6.6015625,216.2361829556199
flexible/torpedo/economy/precision,256,0.6796875,0.6202347782890922,0.7338270809359126,6.5390625,207.53899121428663
flexible/mixed/economy/cadence,256,0.66796875,0.6081692468079775,0.7228016215980052,6.6796875,194.46183367716284
flexible/mixed/economy/precision,256,0.66015625,0.600147440924096,0.7154294336025387,6.73046875,192.57099713060413
flexible/air_focus/control/precision,256,0.65625,0.5961429903472982,0.7117368872396624,6.16796875,219.6138621440524
reinforced/explosive/protection/precision,256,0.64453125,0.5841550362636819,0.7006338505042567,6.609375,214.69698224416854
flexible/air_focus/protection/precision,256,0.640625,0.5801674105112253,0.6969244793170393,6.04296875,217.03451496079884
aviation/torpedo/control/precision,256,0.61328125,0.5523681228806132,0.6708447883699333,6.51953125,206.7861107960588
flexible/air_focus/control/cadence,256,0.609375,0.5484127914140849,0.6671031228967875,5.96484375,216.4843735405319
aviation/air_focus/control/precision,256,0.6015625,0.5405138996853006,0.6596080207462239,5.984375,214.156718345385
flexible/heavy/economy/cadence,256,0.59765625,0.5365702995763066,0.6558546239155438,6.64453125,192.71242950188486
flexible/air_focus/protection/cadence,256,0.59375,0.5326305715645441,0.6520973549876323,5.8984375,217.62725033341374
flexible/heavy/economy/precision,256,0.58984375,0.5286946979346077,0.6483362316778947,6.6875,192.6410834526407
flexible/air_focus/economy/precision,256,0.58984375,0.5286946979346077,0.6483362316778947,5.9296875,219.3426880262219
endurance/mixed/economy/cadence,256,0.578125,0.5169100388252996,0.6370298999681807,6.50390625,186.05800471742836
aviation/air_focus/protection/precision,256,0.578125,0.5169100388252996,0.6370298999681807,5.875,213.86205227357848
endurance/mixed/economy/precision,256,0.57421875,0.5129894223122974,0.6332535195415089,6.55859375,184.0245005723065
fast/mixed/economy/precision,256,0.55859375,0.49734461376290884,0.6181103403322014,6.765625,186.7236553643168
aviation/air_focus/control/cadence,256,0.55859375,0.49734461376290884,0.6181103403322014,5.84765625,214.04127896209988
fast/mixed/economy/cadence,256,0.5546875,0.4934427673956734,0.614315189759763,6.70703125,188.25115506475368
reinforced/explosive/control/cadence,256,0.546875,0.4856502298943122,0.606713733381776,6.6796875,216.2692551715706
aviation/air_focus/protection/cadence,256,0.546875,0.4856502298943122,0.606713733381776,5.73046875,212.61172048282205
endurance/air_focus/control/precision,256,0.53515625,0.4739891850542932,0.595283787402773,5.765625,189.06016669396507
flexible/air_focus/economy/cadence,256,0.5234375,0.4623612889416475,0.5838206926963967,5.765625,217.72262320079486
endurance/air_focus/protection/precision,256,0.5234375,0.4623612889416475,0.5838206926963967,5.6328125,190.11250877606497
reinforced/torpedo/economy/cadence,256,0.51953125,0.45849266507745623,0.5799923196209139,6.46484375,226.8941026876332
endurance/heavy/economy/precision,256,0.51171875,0.450766406732958,0.572324584086064,6.53515625,176.72995828844208
aviation/air_focus/economy/precision,256,0.5078125,0.4469087669627319,0.5684852269166163,5.71875,213.54887134641737
endurance/air_focus/control/cadence,256,0.50390625,0.4430547843724404,0.5646422125672337,5.59375,187.64168605496562
aviation/mixed/economy/cadence,256,0.5,0.43920445797238533,0.5607955420276147,6.41015625,192.77981708314888
flexible/torpedo/economy/cadence,256,0.49609375,0.4353577874327663,0.5569452156275596,6.484375,209.66969917696844
endurance/heavy/economy/cadence,256,0.49609375,0.4353577874327663,0.5569452156275596,6.45703125,178.3820574657192
aviation/mixed/economy/precision,256,0.4921875,0.4315147730833839,0.5530912330372681,6.44921875,190.87096060474815
fast/heavy/economy/precision,256,0.48046875,0.42000768037908615,0.5415073349225438,6.73828125,186.8474081949919
fast/heavy/economy/cadence,256,0.4765625,0.4161793073036034,0.5376387110583526,6.6953125,187.04729618163284
endurance/air_focus/protection/cadence,256,0.4765625,0.4161793073036034,0.5376387110583526,5.46484375,187.57785341604003
endurance/air_focus/economy/precision,256,0.4765625,0.4161793073036034,0.5376387110583526,5.5234375,191.472197873474
aviation/air_focus/economy/cadence,256,0.4375,0.37809824043040574,0.4987498085348101,5.578125,212.55743235937095
aviation/heavy/economy/cadence,256,0.43359375,0.3743105631303244,0.49484048889521737,6.36328125,186.20002756058065
aviation/heavy/economy/precision,256,0.4296875,0.3705266391091252,0.4909274159767426,6.4375,186.89830197936
endurance/torpedo/control/precision,256,0.41796875,0.3591975114566437,0.479165552810202,6.546875,192.1201049057604
endurance/air_focus/economy/cadence,256,0.4140625,0.3554287291479055,0.4752373381792662,5.3671875,189.54645039596465
reinforced/explosive/economy/precision,256,0.41015625,0.3516637683221053,0.4713053020653924,6.546875,209.62372812615408
flexible/explosive/protection/precision,256,0.33984375,0.28457056639746137,0.399852559075904,6.65234375,198.9091498243553
aviation/torpedo/protection/precision,256,0.33203125,0.27719837840199485,0.3918307531920225,6.38671875,208.71907870613657
flexible/explosive/control/cadence,256,0.25390625,0.20449781341092277,0.31059137938961423,6.703125,198.39207793166344
flexible/explosive/control/precision,256,0.25390625,0.20449781341092277,0.31059137938961423,6.7734375,198.3877932451434
flexible/explosive/protection/cadence,256,0.22265625,0.17600523398607779,0.27750798329706705,6.59765625,200.40571810716952
fast/explosive/protection/cadence,256,0.1796875,0.13750144557357782,0.23134480537315286,6.65625,196.81957687340858
aviation/torpedo/control/cadence,256,0.1796875,0.13750144557357782,0.23134480537315286,6.47265625,209.9887181871921
endurance/torpedo/protection/precision,256,0.16015625,0.12030483615240639,0.2100564300959542,6.484375,197.44380885995963
fast/explosive/protection/precision,256,0.1328125,0.09662098110089376,0.17986130656974872,6.6953125,195.2211092097032
aviation/torpedo/economy/precision,256,0.109375,0.07676355150221262,0.15353675453038573,6.2265625,198.76311569521016
fast/explosive/control/cadence,256,0.0859375,0.0574351542702768,0.12668317012427743,6.71484375,193.63970418362254
endurance/torpedo/control/cadence,256,0.078125,0.05114024376243957,0.11758408675276665,6.48828125,194.5321655282654
fast/explosive/control/precision,256,0.0703125,0.04493518002091057,0.10839515661494761,6.73828125,192.08569685421932
endurance/torpedo/economy/precision,256,0.0546875,0.03285198767832931,0.0896903611988328,6.296875,190.2886661884381
endurance/explosive/control/precision,256,0.05078125,0.029913524810755977,0.08493182712673211,6.609375,181.65014123930953
aviation/explosive/control/precision,256,0.05078125,0.029913524810755977,0.08493182712673211,6.50390625,193.8635202870302
reinforced/explosive/economy/cadence,256,0.046875,0.027014582144288417,0.08013377285352566,6.49609375,211.5241073998251
flexible/explosive/economy/precision,256,0.03515625,0.018603884348547726,0.06545347983024427,6.53515625,192.7254435308093
reinforced/explosive/protection/cadence,256,0.03125,0.015918067732609054,0.06044229950650894,6.56640625,216.16437074166817
aviation/torpedo/protection/cadence,256,0.03125,0.015918067732609054,0.06044229950650894,6.2421875,207.725851119795
flexible/explosive/economy/cadence,256,0.02734375,0.013306986698200705,0.055356383601243266,6.46484375,195.2725647851779
endurance/torpedo/protection/cadence,256,0.01953125,0.008370606318218642,0.044898770101877296,6.40234375,199.26749360828833
aviation/explosive/protection/precision,256,0.01953125,0.008370606318218642,0.044898770101877296,6.3515625,194.55999952587717
fast/explosive/economy/cadence,256,0.015625,0.00609249965946242,0.039479879820959504,6.48828125,187.79164949695888
fast/explosive/economy/precision,256,0.015625,0.00609249965946242,0.039479879820959504,6.56640625,187.39206495174778
endurance/explosive/protection/precision,256,0.01171875,0.003993214821806392,0.03388216771894151,6.484375,184.83645800479877
aviation/explosive/control/cadence,256,0.01171875,0.003993214821806392,0.03388216771894151,6.4140625,194.38276003623824
endurance/explosive/economy/precision,256,0.0078125,0.0021450454442769468,0.02803334015679694,6.28125,177.5000991478023
aviation/torpedo/economy/cadence,256,0.0078125,0.0021450454442769468,0.02803334015679694,6.13671875,201.06997232771565
aviation/explosive/economy/precision,256,0.00390625,0.0006898644160236098,0.02179152424537626,6.19140625,185.55719064943685
flexible/rapid/protection/cadence,256,0.0,0.0,0.014784391721725852,6.421875,205.18553335355634
flexible/rapid/protection/precision,256,0.0,0.0,0.014784391721725852,6.515625,204.03970866676164
flexible/rapid/economy/cadence,256,0.0,0.0,0.014784391721725852,6.16796875,193.207901034226
flexible/rapid/economy/precision,256,0.0,0.0,0.014784391721725852,6.2890625,193.6948227631133
flexible/rapid/control/cadence,256,0.0,0.0,0.014784391721725852,6.49609375,203.50472859857751
flexible/rapid/control/precision,256,0.0,0.0,0.014784391721725852,6.546875,200.9378887392263
fast/rapid/protection/cadence,256,0.0,0.0,0.014784391721725852,6.43359375,197.82615337742337
fast/rapid/protection/precision,256,0.0,0.0,0.014784391721725852,6.48828125,196.70062936900686
fast/rapid/economy/cadence,256,0.0,0.0,0.014784391721725852,6.30078125,188.87509692269273
fast/rapid/economy/precision,256,0.0,0.0,0.014784391721725852,6.33203125,187.6865859745095
fast/rapid/control/cadence,256,0.0,0.0,0.014784391721725852,6.4765625,193.97172119768834
fast/rapid/control/precision,256,0.0,0.0,0.014784391721725852,6.5625,194.23882510402896
endurance/rapid/protection/cadence,256,0.0,0.0,0.014784391721725852,6.08984375,188.33245820676646
endurance/rapid/protection/precision,256,0.0,0.0,0.014784391721725852,6.25390625,187.52308852390962
endurance/rapid/economy/cadence,256,0.0,0.0,0.014784391721725852,5.8828125,178.46807193842048
endurance/rapid/economy/precision,256,0.0,0.0,0.014784391721725852,6.08984375,180.92834555308178
endurance/rapid/control/cadence,256,0.0,0.0,0.014784391721725852,6.23828125,183.88900332739044
endurance/rapid/control/precision,256,0.0,0.0,0.014784391721725852,6.33203125,182.2575060032618
endurance/torpedo/economy/cadence,256,0.0,0.0,0.014784391721725852,6.23828125,192.7040063974323
endurance/explosive/protection/cadence,256,0.0,0.0,0.014784391721725852,6.37890625,187.5825780927891
endurance/explosive/economy/cadence,256,0.0,0.0,0.014784391721725852,6.1484375,177.1314851418889
endurance/explosive/control/cadence,256,0.0,0.0,0.014784391721725852,6.5,181.65860594277999
reinforced/rapid/protection/cadence,256,0.0,0.0,0.014784391721725852,6.34765625,219.35180306515426
reinforced/rapid/protection/precision,256,0.0,0.0,0.014784391721725852,6.4296875,216.6889536684677
reinforced/rapid/economy/cadence,256,0.0,0.0,0.014784391721725852,6.26953125,216.7916918670974
reinforced/rapid/economy/precision,256,0.0,0.0,0.014784391721725852,6.36328125,213.82168814398415
reinforced/rapid/control/cadence,256,0.0,0.0,0.014784391721725852,6.43359375,218.4959608362356
reinforced/rapid/control/precision,256,0.0,0.0,0.014784391721725852,6.5234375,216.35045789392436
aviation/rapid/protection/cadence,256,0.0,0.0,0.014784391721725852,5.97265625,195.1347444001347
aviation/rapid/protection/precision,256,0.0,0.0,0.014784391721725852,6.1015625,194.89533908279557
aviation/rapid/economy/cadence,256,0.0,0.0,0.014784391721725852,5.75390625,184.1952230841727
aviation/rapid/economy/precision,256,0.0,0.0,0.014784391721725852,5.90625,184.47908342316018
aviation/rapid/control/cadence,256,0.0,0.0,0.014784391721725852,6.1640625,194.3353781339548
aviation/rapid/control/precision,256,0.0,0.0,0.014784391721725852,6.2109375,191.97253224362083
aviation/explosive/protection/cadence,256,0.0,0.0,0.014784391721725852,6.28515625,196.03152829875592
aviation/explosive/economy/cadence,256,0.0,0.0,0.014784391721725852,6.12109375,185.7577761468478
